train_id,station_order,station_code,station_name,delay_arrival
22502,1,NTSK,NEW TINSUKIA JN ,13
22502,2,DBRG,DIBRUGARH ,21
22502,3,MRHT,MORANHAT ,33
22502,4,SRTN,SIBSAGAR TOWN ,29
22502,5,SLGR,SIMALUGURI JN ,27
22502,6,MXN,MARIANI JN ,28
22502,7,FKG,FURKATING JN ,18
22502,8,DMV,DIMAPUR ,43
22502,9,DPU,DIPHU ,45
22502,10,LMG,LUMDING JN ,36
22502,11,GHY,GUWAHATI ,22
22502,12,GLPT,GOALPARA TOWN ,62
22502,13,NBQ,NEW BONGAIGAON ,49
22502,14,NOQ,NEW ALIPURDAUR ,66
22502,15,NCB,NEW COOCH BEHAR ,76
22502,16,JPE,JALPAIGURI ROAD ,57
22502,17,NJP,NEW JALPAIGURI ,49
22502,18,KNE,KISHANGANJ ,75
22502,19,MLDT,MALDA TOWN ,43
22502,20,RPH,RAMPUR HAT ,53
22502,21,BHP,BOLPUR S NIKTN ,63
22502,22,DKAE,DANKUNI ,88
22502,23,KGP,KHARAGPUR JN ,89
22502,24,BLS,BALASORE ,90
22502,25,CTC,CUTTACK ,114
22502,26,BBS,BHUBANESWAR ,114
22502,27,KUR,KHURDA ROAD JN ,117
22502,28,BAM,BRAHMAPUR ,131
22502,29,VZM,VIZIANAGRAM JN ,124
22502,30,VSKP,VISHAKAPATNAM ,125
22502,31,RJY,RAJAMUNDRY ,158
22502,32,BZA,VIJAYAWADA JN ,175
22502,33,OGL,ONGOLE ,184
22502,34,NLR,NELLORE ,196
22502,35,PER,PERAMBUR ,210
22502,36,KPD,KATPADI JN ,206
22502,37,JTJ,JOLARPETTAI ,208
22502,38,KJM,KRISHNARAJAPURM ,209
22502,39,SMVB,SMVT BENGALURU ,168
14038,1,NDLS,NEW DELHI ,31
14038,2,CNB,KANPUR CENTRAL ,97
14038,3,PRYJ,PRAYAGRAJ JN ,124
14038,4,DDU,PT DEEN DAYAL UPADHYAY JN ,137
14038,5,PPTA,PATLIPUTRA ,165
14038,6,BJU,BARAUNI JN ,249
14038,7,KIR,KATIHAR JN ,198
14038,8,NJP,NEW JALPAIGURI ,215
14038,9,NBQ,NEW BONGAIGAON ,229
14038,10,GLPT,GOALPARA TOWN ,242
14038,11,GHY,GUWAHATI ,237
14038,12,LMG,LUMDING JN ,286
14038,13,NHLG,NEW HAFLONG ,269
14038,14,BPB,BADARPUR JN ,259
14038,15,SCL,SILCHAR ,181
15910,1,LGH,LALGARH JN ,11
15910,2,LKS,LUNKARANSAR ,18
15910,3,MHJ,MAHAJAN ,28
15910,4,SOG,SURATGARH JN ,21
15910,5,PGK,PILI BANGAN ,23
15910,6,HMH,HANUMANGARH JN ,23
15910,7,SGRA,SANGARIA ,27
15910,8,MBY,MANDI DABWALI ,31
15910,9,BTI,BHATINDA JN ,11
15910,10,MAUR,MAUR ,20
15910,11,MSZ,MANSA ,21
15910,12,BLZ,BUDHLADA ,22
15910,13,BRZ,BARETA ,24
15910,14,JHL,JAKHAL JN ,25
15910,15,TUN,TOHANA ,26
15910,16,NRW,NARWANA JN ,28
15910,17,JIND,JIND JN ,29
15910,18,ROK,ROHTAK JN ,30
15910,19,BGZ,BAHADURGARH ,29
15910,20,SSB,SHAKURBASTI ,26
15910,21,DKZ,DELHI KISHANGNJ ,31
15910,22,DLI,DELHI ,30
15910,23,GZB,GHAZIABAD ,29
15910,24,PKW,PILKHUA ,36
15910,25,HPU,HAPUR ,39
15910,26,AMRO,AMROHA ,48
15910,27,MB,MORADABAD ,52
15910,28,RMU,RAMPUR ,67
15910,29,BE,BAREILLY ,89
15910,30,SPN,SHAHJEHANPUR ,99
15910,31,HRI,HARDOI ,108
15910,32,BLM,BALAMU JN ,115
15910,33,LKO,LUCKNOW NR ,118
15910,34,BBK,BARABANKI JN ,103
15910,35,JLD,JARWAL ROAD ,112
15910,36,GD,GONDA JN ,108
15910,37,MUR,MANKAPUR JN ,114
15910,38,BST,BASTI ,117
15910,39,KLD,KHALILABAD ,119
15910,40,GKP,GORAKHPUR JN ,93
15910,41,DEOS,DEORIA SADAR ,99
15910,42,BTT,BHATNI JN ,100
15910,43,BHTR,BHATPAR RANI ,105
15910,44,SV,SIWAN JN ,88
15910,45,EKMA,EKMA ,88
15910,46,CPR,CHHAPRA ,77
15910,47,SEE,SONPUR JN ,78
15910,48,HJP,HAJIPUR JN ,80
15910,49,MFP,MUZAFFARPUR JN ,94
15910,50,SPJ,SAMASTIPUR JN ,100
15910,51,DSS,DALSINGH SARAI ,108
15910,52,BJU,BARAUNI JN ,101
15910,53,BGS,BEGU SARAI ,109
15910,54,KGG,KHAGARIA JN ,121
15910,55,MNE,MANSI JN ,124
15910,56,THB,THANA BIHPUR JN ,127
15910,57,NNA,NAUGACHIA ,132
15910,58,KIR,KATIHAR JN ,101
15910,59,AZR,AZAMNAGAR ROAD ,114
15910,60,BOE,BARSOI JN ,120
15910,61,DLK,DALKOLHA ,132
15910,62,KNE,KISHANGANJ ,138
15910,63,AUB,ALUABARI ROAD ,145
15910,64,NJP,NEW JALPAIGURI ,142
15910,65,JPE,JALPAIGURI ROAD ,120
15910,66,DQG,DHUPGURI ,123
15910,67,NCB,NEW COOCH BEHAR ,121
15910,68,NOQ,NEW ALIPURDAUR ,120
15910,69,NBQ,NEW BONGAIGAON ,108
15910,70,BPRD,BARPETA ROAD ,128
15910,71,RNY,RANGIYA JN ,147
15910,72,KYQ,KAMAKHYA ,142
15910,73,GHY,GUWAHATI ,160
15910,74,JID,JAGI ROAD ,177
15910,75,CPK,CHAPARMUKH JN ,183
15910,76,HJI,HOJAI ,187
15910,77,LMG,LUMDING JN ,176
15910,78,DPU,DIPHU ,182
15910,79,DMV,DIMAPUR ,189
15910,80,SZR,SARUPATHAR ,189
15910,81,FKG,FURKATING JN ,169
15910,82,MXN,MARIANI JN ,182
15910,83,SLGR,SIMALUGURI JN ,189
15910,84,BOJ,BHOJO ,182
15910,85,NTSK,NEW TINSUKIA JN ,189
15910,86,DBRG,DIBRUGARH ,167
22512,1,KYQ,KAMAKHYA ,6
22512,2,NBQ,NEW BONGAIGAON ,23
22512,3,APDJ,ALIPUR DUAR JN ,49
22512,4,HSA,HASIMARA ,44
22512,5,SGUJ,SILIGURI JN ,37
22512,6,NJP,NEW JALPAIGURI ,48
22512,7,MLDT,MALDA TOWN ,49
22512,8,PKR,PAKUR ,51
22512,9,RPH,RAMPUR HAT ,55
22512,10,BHP,BOLPUR S NIKTN ,60
22512,11,BWN,BARDDHAMAN JN ,58
22512,12,DKAE,DANKUNI ,72
22512,13,KGP,KHARAGPUR JN ,90
22512,14,TATA,TATANAGAR JN ,125
22512,15,CKP,CHAKRADHARPUR ,141
22512,16,ROU,ROURKELA ,165
22512,17,JSG,JHARSUGUDA JN ,179
22512,18,RIG,RAIGARH ,199
22512,19,KHS,KHARSIA ,143
22512,20,BSP,BILASPUR JN ,220
22512,21,R,RAIPUR JN ,242
22512,22,G,GONDIA JN ,279
22512,23,NGP,NAGPUR ,288
22512,24,AK,AKOLA JN ,272
22512,25,BSL,BHUSAVAL JN ,292
22512,26,MMR,MANMAD JN ,313
22512,27,KYN,KALYAN JN ,336
22512,28,TNA,THANE ,419
22512,29,LTT,LOKMANYATILAK T ,289
12424,1,NDLS,NEW DELHI ,5
12424,2,CNB,KANPUR CENTRAL ,21
12424,3,PRYJ,PRAYAGRAJ JN ,39
12424,4,DDU,PT DEEN DAYAL UPADHYAY JN ,33
12424,5,DNR,DANAPUR ,46
12424,6,PPTA,PATLIPUTRA ,36
12424,7,BJU,BARAUNI JN ,25
12424,8,NNA,NAUGACHIA ,34
12424,9,KIR,KATIHAR JN ,35
12424,10,KNE,KISHANGANJ ,55
12424,11,NJP,NEW JALPAIGURI ,46
12424,12,NCB,NEW COOCH BEHAR ,42
12424,13,KOJ,KOKRAJHAR ,56
12424,14,NBQ,NEW BONGAIGAON ,47
12424,15,GHY,GUWAHATI ,89
12424,16,CPK,CHAPARMUKH JN ,102
12424,17,LMG,LUMDING JN ,89
12424,18,DMV,DIMAPUR ,98
12424,19,MXN,MARIANI JN ,85
12424,20,NTSK,NEW TINSUKIA JN ,93
12424,21,DBRG,DIBRUGARH ,91
12424,22,DBRT,DIBRUGARH TOWN ,16
20501,1,AGTL,AGARTALA ,11
20501,2,ABSA,AMBASA ,23
20501,3,DMR,DHARMANAGAR ,18
20501,4,NKMG,NEW KARIMGANJ ,17
20501,5,BPB,BADARPUR JN ,23
20501,6,HJI,HOJAI ,22
20501,7,GHY,GUWAHATI ,25
20501,8,RNY,RANGIYA JN ,29
20501,9,BPRD,BARPETA ROAD ,43
20501,10,NJP,NEW JALPAIGURI ,47
20501,11,MLDT,MALDA TOWN ,44
20501,12,BGP,BHAGALPUR ,41
20501,13,JMP,JAMALPUR JN ,41
20501,14,PNBE,PATNA JN ,43
20501,15,KIR,KATIHAR JN ,55
20501,16,BJU,BARAUNI JN ,70
20501,17,PPTA,PATLIPUTRA ,57
20501,18,DDU,PT DEEN DAYAL UPADHYAY JN ,50
20501,19,CNB,KANPUR CENTRAL ,89
20501,20,ANVT,ANAND VIHAR TRM ,98
15946,1,DBRG,DIBRUGARH ,2
15946,2,NTSK,NEW TINSUKIA JN ,9
15946,3,SLGR,SIMALUGURI JN ,12
15946,4,MXN,MARIANI JN ,12
15946,5,FKG,FURKATING JN ,2
15946,6,DMV,DIMAPUR ,11
15946,7,DPU,DIPHU ,12
15946,8,LMG,LUMDING JN ,12
15946,9,HJI,HOJAI ,17
15946,10,CPK,CHAPARMUKH JN ,22
15946,11,GHY,GUWAHATI ,42
15946,12,KYQ,KAMAKHYA ,40
15946,13,RNY,RANGIYA JN ,43
15946,14,BPRD,BARPETA ROAD ,75
15946,15,BNGN,BONGAIGAON ,102
15946,16,NBQ,NEW BONGAIGAON ,60
15946,17,KOJ,KOKRAJHAR ,60
15946,18,NOQ,NEW ALIPURDAUR ,69
15946,19,NCB,NEW COOCH BEHAR ,72
15946,20,DQG,DHUPGURI ,74
15946,21,NJP,NEW JALPAIGURI ,45
15946,22,KNE,KISHANGANJ ,55
15946,23,BOE,BARSOI JN ,58
15946,24,KIR,KATIHAR JN ,28
15946,25,NNA,NAUGACHIA ,38
15946,26,THB,THANA BIHPUR JN ,39
15946,27,MNE,MANSI JN ,44
15946,28,KGG,KHAGARIA JN ,47
15946,29,BGS,BEGU SARAI ,66
15946,30,NBJU,NEW BARAUNI JN ,39
15946,31,MKA,MOKAMEH JN ,49
15946,32,BARH,BARH ,68
15946,33,BKP,BAKHTIYARPUR JN ,72
15946,34,PNC,PATNA SAHEB ,51
15946,35,PNBE,PATNA JN ,33
15946,36,DNR,DANAPUR ,36
15946,37,ARA,ARA ,44
15946,38,DURE,DUMRAON ,34
15946,39,BXR,BUXAR ,31
15946,40,DLN,DILDARNAGAR JN ,39
15946,41,DDU,PT DEEN DAYAL UPADHYAY JN ,29
15946,42,MZP,MIRZAPUR ,47
15946,43,PCOI,PRAYAGRAJ CHHEOKI ,82
15946,44,STA,SATNA ,114
15946,45,MYR,MAIHAR ,139
15946,46,KTE,KATNI ,130
15946,47,JBP,JABALPUR ,141
15946,48,PPI,PIPARIYA ,161
15946,49,ET,ITARSI JN ,142
15946,50,HD,HARDA ,173
15946,51,KNW,KHANDWA ,159
15946,52,BAU,BURHANPUR ,162
15946,53,BSL,BHUSAVAL JN ,163
15946,54,MMR,MANMAD JN ,177
15946,55,NK,NASIK ROAD ,176
15946,56,KYN,KALYAN JN ,184
15946,57,TNA,THANE ,159
15946,58,LTT,LOKMANYATILAK T ,160
12504,1,AGTL,AGARTALA ,60
12504,2,ABSA,AMBASA ,72
12504,3,DMR,DHARMANAGAR ,76
12504,4,NKMG,NEW KARIMGANJ ,77
12504,5,BPB,BADARPUR JN ,86
12504,6,NHLG,NEW HAFLONG ,92
12504,7,GHY,GUWAHATI ,87
12504,8,KYQ,KAMAKHYA ,97
12504,9,NBQ,NEW BONGAIGAON ,81
12504,10,NJP,NEW JALPAIGURI ,104
12504,11,KNE,KISHANGANJ ,121
12504,12,MLDT,MALDA TOWN ,117
12504,13,RPH,RAMPUR HAT ,152
12504,14,DKAE,DANKUNI ,165
12504,15,ADL,ANDUL ,168
12504,16,KGP,KHARAGPUR JN ,185
12504,17,BHC,BHADRAKH ,189
12504,18,CTC,CUTTACK ,224
12504,19,BBS,BHUBANESWAR ,240
12504,20,KUR,KHURDA ROAD JN ,256
12504,21,BAM,BRAHMAPUR ,288
12504,22,PSA,PALASA ,254
12504,23,CHE,SRIKAKULAM ROAD ,267
12504,24,VZM,VIZIANAGRAM JN ,277
12504,25,VSKP,VISHAKAPATNAM ,289
12504,26,DVD,DUVVADA ,286
12504,27,BZA,VIJAYAWADA JN ,345
12504,28,PER,PERAMBUR ,381
12504,29,KPD,KATPADI JN ,359
12504,30,WFD,WHITEFIELD ,371
12504,31,SMVB,SMVT BENGALURU ,342
12503,1,SMVB,SMVT BENGALURU ,166
12503,2,WFD,WHITEFIELD ,182
12503,3,KPD,KATPADI JN ,205
12503,4,PER,PERAMBUR ,209
12503,5,BZA,VIJAYAWADA JN ,247
12503,6,DVD,DUVVADA ,229
12503,7,VSKP,VISHAKAPATNAM ,237
12503,8,VZM,VIZIANAGRAM JN ,243
12503,9,CHE,SRIKAKULAM ROAD ,247
12503,10,PSA,PALASA ,243
12503,11,BAM,BRAHMAPUR ,259
12503,12,KUR,KHURDA ROAD JN ,285
12503,13,BBS,BHUBANESWAR ,289
12503,14,CTC,CUTTACK ,299
12503,15,BHC,BHADRAKH ,277
12503,16,KGP,KHARAGPUR JN ,314
12503,17,ADL,ANDUL ,329
12503,18,DKAE,DANKUNI ,331
12503,19,RPH,RAMPUR HAT ,393
12503,20,MLDT,MALDA TOWN ,402
12503,21,KNE,KISHANGANJ ,450
12503,22,NJP,NEW JALPAIGURI ,438
12503,23,NBQ,NEW BONGAIGAON ,456
12503,24,KYQ,KAMAKHYA ,472
12503,25,GHY,GUWAHATI ,497
12503,26,NHLG,NEW HAFLONG ,518
12503,27,BPB,BADARPUR JN ,506
12503,28,NKMG,NEW KARIMGANJ ,503
12503,29,DMR,DHARMANAGAR ,493
12503,30,ABSA,AMBASA ,492
12503,31,AGTL,AGARTALA ,457
15960,1,DBRG,DIBRUGARH ,9
15960,2,NTSK,NEW TINSUKIA JN ,12
15960,3,DJG,DULIAJAN ,16
15960,4,NHK,NAHARKATIYA ,26
15960,5,NAM,NAMRUP ,19
15960,6,BOJ,BHOJO ,28
15960,7,SLGR,SIMALUGURI JN ,35
15960,8,AGI,AMGURI ,25
15960,9,MXN,MARIANI JN ,29
15960,10,FKG,FURKATING JN ,14
15960,11,BXP,BARPATHAR ,27
15960,12,SZR,SARUPATHAR ,31
15960,13,DMV,DIMAPUR ,43
15960,14,DPU,DIPHU ,38
15960,15,LMG,LUMDING JN ,33
15960,16,LKA,LANKA ,29
15960,17,HJI,HOJAI ,31
15960,18,CPK,CHAPARMUKH JN ,36
15960,19,GHY,GUWAHATI ,37
15960,20,KYQ,KAMAKHYA ,38
15960,21,RNY,RANGIYA JN ,39
15960,22,NLV,NALBARI ,48
15960,23,TIHU,TIHU ,54
15960,24,PBL,PATHSALA ,62
15960,25,BPRD,BARPETA ROAD ,72
15960,26,SBE,SORBHOG JN ,72
15960,27,BNGN,BONGAIGAON ,69
15960,28,NBQ,NEW BONGAIGAON ,48
15960,29,KOJ,KOKRAJHAR ,52
15960,30,FKM,FAKIRAGRAM JN ,55
15960,31,KAMG,KAMAKHYAGURI ,68
15960,32,NOQ,NEW ALIPURDAUR ,69
15960,33,NCB,NEW COOCH BEHAR ,71
15960,34,FLK,FALAKATA ,74
15960,35,DQG,DHUPGURI ,70
15960,36,NMX,NEW MAYNAGURI ,71
15960,37,JPE,JALPAIGURI ROAD ,75
15960,38,NJP,NEW JALPAIGURI ,45
15960,39,AUB,ALUABARI ROAD ,56
15960,40,KNE,KISHANGANJ ,61
15960,41,HCR,HARISCHANDRPUR ,71
15960,42,SM,SAMSI ,60
15960,43,MLDT,MALDA TOWN ,39
15960,44,NFK,NEW FARAKKA JN ,42
15960,45,DGLE,DHULIAN GANGA ,42
15960,46,NILE,NIMTITA ,42
15960,47,JRLE,JANGIPUR ROAD ,45
15960,48,AZ,AZIMGANJ JN ,39
15960,49,KGLE,KHAGRAGHAT ROAD ,42
15960,50,SALE,SALAR ,47
15960,51,KWAE,KATWA ,39
15960,52,NDAE,NABADWIP DHAM ,40
15960,53,ABKA,AMBIKA KALNA ,42
15960,54,BDC,BANDEL JN ,40
15960,55,HWH,HOWRAH JN ,13
12508,1,SCL,SILCHAR ,18
12508,2,BPB,BADARPUR JN ,33
12508,3,NHLG,NEW HAFLONG ,29
12508,4,MBG,MAIBANG ,25
12508,5,LMG,LUMDING JN ,46
12508,6,HJI,HOJAI ,51
12508,7,GHY,GUWAHATI ,78
12508,8,KYQ,KAMAKHYA ,82
12508,9,RNY,RANGIYA JN ,106
12508,10,BPRD,BARPETA ROAD ,132
12508,11,BNGN,BONGAIGAON ,219
12508,12,NBQ,NEW BONGAIGAON ,95
12508,13,KOJ,KOKRAJHAR ,105
12508,14,NOQ,NEW ALIPURDAUR ,124
12508,15,NCB,NEW COOCH BEHAR ,132
12508,16,DQG,DHUPGURI ,137
12508,17,NJP,NEW JALPAIGURI ,109
12508,18,KNE,KISHANGANJ ,133
12508,19,MLDT,MALDA TOWN ,113
12508,20,PKR,PAKUR ,114
12508,21,RPH,RAMPUR HAT ,113
12508,22,BHP,BOLPUR S NIKTN ,129
12508,23,DKAE,DANKUNI ,168
12508,24,KGP,KHARAGPUR JN ,170
12508,25,BLS,BALASORE ,177
12508,26,BHC,BHADRAKH ,192
12508,27,JJKR,JAJPUR K ROAD ,200
12508,28,CTC,CUTTACK ,213
12508,29,BBS,BHUBANESWAR ,220
12508,30,KUR,KHURDA ROAD JN ,222
12508,31,BALU,BALUGAN ,241
12508,32,BAM,BRAHMAPUR ,243
12508,33,PSA,PALASA ,222
12508,34,CHE,SRIKAKULAM ROAD ,232
12508,35,VZM,VIZIANAGRAM JN ,248
12508,36,VSKP,VISHAKAPATNAM ,254
12508,37,RJY,RAJAMUNDRY ,284
12508,38,BZA,VIJAYAWADA JN ,291
12508,39,PER,PERAMBUR ,312
12508,40,AJJ,ARAKKONAM ,310
12508,41,KPD,KATPADI JN ,305
12508,42,JTJ,JOLARPETTAI ,302
12508,43,SA,SALEM JN ,310
12508,44,ED,ERODE JN ,309
12508,45,TUP,TIRUPPUR ,310
12508,46,CBE,COIMBATORE JN ,300
12508,47,PGT,PALAKKAD JN ,309
12508,48,TCR,THRISUR ,316
12508,49,AWY,ALUVA ,309
12508,50,ERN,ERNAKULAM TOWN ,315
12508,51,KTYM,KOTTAYAM ,316
12508,52,TRVL,TIRUVALLA ,314
12508,53,CNGR,CHENGANNUR ,316
12508,54,MVLK,MAVELIKARA ,318
12508,55,KYJ,KAYANKULAM JN ,317
12508,56,QLN,KOLLAM JN ,317
12508,57,TVC,TRIVANDRUM CNTL ,292
12509,1,SMVB,SMVT BENGALURU ,9
12509,2,KJM,KRISHNARAJAPURM ,19
12509,3,BWT,BANGARAPET ,28
12509,4,JTJ,JOLARPETTAI ,22
12509,5,KPD,KATPADI JN ,26
12509,6,AJJ,ARAKKONAM ,32
12509,7,PER,PERAMBUR ,37
12509,8,OGL,ONGOLE ,40
12509,9,BZA,VIJAYAWADA JN ,47
12509,10,RJY,RAJAMUNDRY ,90
12509,11,VSKP,VISHAKAPATNAM ,93
12509,12,VZM,VIZIANAGRAM JN ,105
12509,13,CHE,SRIKAKULAM ROAD ,110
12509,14,PSA,PALASA ,104
12509,15,BAM,BRAHMAPUR ,104
12509,16,BALU,BALUGAN ,115
12509,17,KUR,KHURDA ROAD JN ,126
12509,18,BBS,BHUBANESWAR ,130
12509,19,CTC,CUTTACK ,131
12509,20,JJKR,JAJPUR K ROAD ,149
12509,21,BHC,BHADRAKH ,126
12509,22,BLS,BALASORE ,139
12509,23,KGP,KHARAGPUR JN ,148
12509,24,DKAE,DANKUNI ,155
12509,25,BHP,BOLPUR S NIKTN ,189
12509,26,RPH,RAMPUR HAT ,201
12509,27,NFK,NEW FARAKKA JN ,201
12509,28,MLDT,MALDA TOWN ,186
12509,29,BOE,BARSOI JN ,225
12509,30,KNE,KISHANGANJ ,244
12509,31,NJP,NEW JALPAIGURI ,230
12509,32,JPE,JALPAIGURI ROAD ,233
12509,33,DQG,DHUPGURI ,240
12509,34,NCB,NEW COOCH BEHAR ,247
12509,35,NOQ,NEW ALIPURDAUR ,250
12509,36,KOJ,KOKRAJHAR ,270
12509,37,NBQ,NEW BONGAIGAON ,255
12509,38,BPRD,BARPETA ROAD ,295
12509,39,RNY,RANGIYA JN ,329
12509,40,KYQ,KAMAKHYA ,326
12509,41,GHY,GUWAHATI ,311
15945,1,LTT,LOKMANYATILAK T ,11
15945,2,KYN,KALYAN JN ,26
15945,3,NK,NASIK ROAD ,18
15945,4,MMR,MANMAD JN ,20
15945,5,BSL,BHUSAVAL JN ,24
15945,6,BAU,BURHANPUR ,25
15945,7,KNW,KHANDWA ,17
15945,8,HD,HARDA ,25
15945,9,ET,ITARSI JN ,27
15945,10,JBP,JABALPUR ,42
15945,11,KTE,KATNI ,72
15945,12,MYR,MAIHAR ,32
15945,13,STA,SATNA ,81
15945,14,PCOI,PRAYAGRAJ CHHEOKI ,85
15945,15,MZP,MIRZAPUR ,93
15945,16,DDU,PT DEEN DAYAL UPADHYAY JN ,79
15945,17,DLN,DILDARNAGAR JN ,75
15945,18,BXR,BUXAR ,74
15945,19,DURE,DUMRAON ,76
15945,20,ARA,ARA ,72
15945,21,DNR,DANAPUR ,80
15945,22,PNBE,PATNA JN ,60
15945,23,PNC,PATNA SAHEB ,68
15945,24,BKP,BAKHTIYARPUR JN ,77
15945,25,BARH,BARH ,86
15945,26,MKA,MOKAMEH JN ,88
15945,27,NBJU,NEW BARAUNI JN ,66
15945,28,BGS,BEGU SARAI ,69
15945,29,KGG,KHAGARIA JN ,68
15945,30,MNE,MANSI JN ,68
15945,31,THB,THANA BIHPUR JN ,70
15945,32,NNA,NAUGACHIA ,73
15945,33,KIR,KATIHAR JN ,62
15945,34,BOE,BARSOI JN ,84
15945,35,KNE,KISHANGANJ ,95
15945,36,NJP,NEW JALPAIGURI ,94
15945,37,DQG,DHUPGURI ,86
15945,38,NCB,NEW COOCH BEHAR ,88
15945,39,NOQ,NEW ALIPURDAUR ,90
15945,40,KOJ,KOKRAJHAR ,105
15945,41,NBQ,NEW BONGAIGAON ,89
15945,42,BPRD,BARPETA ROAD ,115
15945,43,RNY,RANGIYA JN ,148
15945,44,KYQ,KAMAKHYA ,127
15945,45,GHY,GUWAHATI ,126
15945,46,HJI,HOJAI ,162
15945,47,LMG,LUMDING JN ,163
15945,48,DPU,DIPHU ,173
15945,49,DMV,DIMAPUR ,180
15945,50,FKG,FURKATING JN ,145
15945,51,MXN,MARIANI JN ,154
15945,52,SLGR,SIMALUGURI JN ,159
15945,53,NTSK,NEW TINSUKIA JN ,156
15945,54,DBRG,DIBRUGARH ,131
14037,1,SCL,SILCHAR ,2
14037,2,BPB,BADARPUR JN ,22
14037,3,NHLG,NEW HAFLONG ,17
14037,4,LMG,LUMDING JN ,19
14037,5,GHY,GUWAHATI ,2
14037,6,GLPT,GOALPARA TOWN ,32
14037,7,NBQ,NEW BONGAIGAON ,18
14037,8,NJP,NEW JALPAIGURI ,30
14037,9,KIR,KATIHAR JN ,23
14037,10,BJU,BARAUNI JN ,46
14037,11,PPTA,PATLIPUTRA ,40
14037,12,DDU,PT DEEN DAYAL UPADHYAY JN ,40
14037,13,PRYJ,PRAYAGRAJ JN ,84
14037,14,CNB,KANPUR CENTRAL ,109
14037,15,NDLS,NEW DELHI ,139
13181,1,KOAA,KOLKATA ,1
13181,2,BWN,BARDDHAMAN JN ,15
13181,3,BHP,BOLPUR S NIKTN ,18
13181,4,RPH,RAMPUR HAT ,32
13181,5,MLDT,MALDA TOWN ,33
13181,6,NJP,NEW JALPAIGURI ,46
13181,7,NCB,NEW COOCH BEHAR ,75
13181,8,NOQ,NEW ALIPURDAUR ,67
13181,9,FKM,FAKIRAGRAM JN ,68
13181,10,NBQ,NEW BONGAIGAON ,44
13181,11,KYQ,KAMAKHYA ,72
13181,12,GHY,GUWAHATI ,79
13181,13,JID,JAGI ROAD ,83
13181,14,CPK,CHAPARMUKH JN ,90
13181,15,NGAN,NAGAON ,84
13181,16,JKB,JAKHALABANDHA ,83
13181,17,SHTT,SILGHAT TOWN ,69
15909,1,DBRG,DIBRUGARH ,8
15909,2,NTSK,NEW TINSUKIA JN ,10
15909,3,BOJ,BHOJO ,22
15909,4,SLGR,SIMALUGURI JN ,25
15909,5,MXN,MARIANI JN ,25
15909,6,FKG,FURKATING JN ,10
15909,7,SZR,SARUPATHAR ,16
15909,8,DMV,DIMAPUR ,24
15909,9,DPU,DIPHU ,30
15909,10,LMG,LUMDING JN ,26
15909,11,HJI,HOJAI ,39
15909,12,CPK,CHAPARMUKH JN ,48
15909,13,JID,JAGI ROAD ,58
15909,14,GHY,GUWAHATI ,17
15909,15,KYQ,KAMAKHYA ,18
15909,16,RNY,RANGIYA JN ,25
15909,17,BPRD,BARPETA ROAD ,50
15909,18,BNGN,BONGAIGAON ,29
15909,19,NBQ,NEW BONGAIGAON ,39
15909,20,NOQ,NEW ALIPURDAUR ,48
15909,21,NCB,NEW COOCH BEHAR ,46
15909,22,DQG,DHUPGURI ,47
15909,23,JPE,JALPAIGURI ROAD ,49
15909,24,NJP,NEW JALPAIGURI ,45
15909,25,AUB,ALUABARI ROAD ,59
15909,26,KNE,KISHANGANJ ,62
15909,27,DLK,DALKOLHA ,68
15909,28,BOE,BARSOI JN ,68
15909,29,AZR,AZAMNAGAR ROAD ,72
15909,30,KIR,KATIHAR JN ,31
15909,31,NNA,NAUGACHIA ,44
15909,32,THB,THANA BIHPUR JN ,49
15909,33,MNE,MANSI JN ,60
15909,34,KGG,KHAGARIA JN ,66
15909,35,BGS,BEGU SARAI ,77
15909,36,BJU,BARAUNI JN ,71
15909,37,DSS,DALSINGH SARAI ,86
15909,38,SPJ,SAMASTIPUR JN ,81
15909,39,MFP,MUZAFFARPUR JN ,92
15909,40,HJP,HAJIPUR JN ,96
15909,41,SEE,SONPUR JN ,102
15909,42,CPR,CHHAPRA ,72
15909,43,EKMA,EKMA ,81
15909,44,SV,SIWAN JN ,59
15909,45,BHTR,BHATPAR RANI ,65
15909,46,BTT,BHATNI JN ,64
15909,47,DEOS,DEORIA SADAR ,63
15909,48,GKP,GORAKHPUR JN ,78
15909,49,KLD,KHALILABAD ,81
15909,50,BST,BASTI ,86
15909,51,MUR,MANKAPUR JN ,94
15909,52,GD,GONDA JN ,100
15909,53,BBK,BARABANKI JN ,96
15909,54,LKO,LUCKNOW NR ,84
15909,55,BLM,BALAMU JN ,79
15909,56,HRI,HARDOI ,90
15909,57,SPN,SHAHJEHANPUR ,70
15909,58,BE,BAREILLY ,70
15909,59,RMU,RAMPUR ,89
15909,60,MB,MORADABAD ,89
15909,61,AMRO,AMROHA ,94
15909,62,HPU,HAPUR ,103
15909,63,PKW,PILKHUA ,105
15909,64,GZB,GHAZIABAD ,112
15909,65,DLI,DELHI ,129
15909,66,DKZ,DELHI KISHANGNJ ,135
15909,67,SSB,SHAKURBASTI ,144
15909,68,NNO,NANGLOI ,150
15909,69,BGZ,BAHADURGARH ,154
15909,70,ROK,ROHTAK JN ,154
15909,71,JIND,JIND JN ,159
15909,72,NRW,NARWANA JN ,164
15909,73,TUN,TOHANA ,164
15909,74,JHL,JAKHAL JN ,162
15909,75,BRZ,BARETA ,163
15909,76,BLZ,BUDHLADA ,164
15909,77,MSZ,MANSA ,165
15909,78,MAUR,MAUR ,168
15909,79,BTI,BHATINDA JN ,124
15909,80,MBY,MANDI DABWALI ,142
15909,81,SGRA,SANGARIA ,151
15909,82,HMH,HANUMANGARH JN ,139
15909,83,PGK,PILI BANGAN ,142
15909,84,SOG,SURATGARH JN ,139
15909,85,MHJ,MAHAJAN ,149
15909,86,LKS,LUNKARANSAR ,153
15909,87,LGH,LALGARH JN ,107
22501,1,SMVB,SMVT BENGALURU ,11
22501,2,KJM,KRISHNARAJAPURM ,27
22501,3,BWT,BANGARAPET ,35
22501,4,JTJ,JOLARPETTAI ,23
22501,5,KPD,KATPADI JN ,19
22501,6,PER,PERAMBUR ,23
22501,7,NLR,NELLORE ,44
22501,8,OGL,ONGOLE ,48
22501,9,BZA,VIJAYAWADA JN ,51
22501,10,RJY,RAJAMUNDRY ,87
22501,11,VSKP,VISHAKAPATNAM ,103
22501,12,VZM,VIZIANAGRAM JN ,113
22501,13,BAM,BRAHMAPUR ,106
22501,14,KUR,KHURDA ROAD JN ,123
22501,15,BBS,BHUBANESWAR ,129
22501,16,CTC,CUTTACK ,122
22501,17,BLS,BALASORE ,144
22501,18,KGP,KHARAGPUR JN ,158
22501,19,DKAE,DANKUNI ,169
22501,20,BHP,BOLPUR S NIKTN ,210
22501,21,RPH,RAMPUR HAT ,236
22501,22,MLDT,MALDA TOWN ,231
22501,23,KNE,KISHANGANJ ,266
22501,24,NJP,NEW JALPAIGURI ,266
22501,25,JPE,JALPAIGURI ROAD ,252
22501,26,NCB,NEW COOCH BEHAR ,272
22501,27,NOQ,NEW ALIPURDAUR ,270
22501,28,NBQ,NEW BONGAIGAON ,251
22501,29,GLPT,GOALPARA TOWN ,256
22501,30,GHY,GUWAHATI ,254
22501,31,LMG,LUMDING JN ,281
22501,32,DPU,DIPHU ,290
22501,33,DMV,DIMAPUR ,298
22501,34,FKG,FURKATING JN ,283
22501,35,MXN,MARIANI JN ,250
22501,36,SLGR,SIMALUGURI JN ,259
22501,37,SRTN,SIBSAGAR TOWN ,249
22501,38,MRHT,MORANHAT ,248
22501,39,DBRG,DIBRUGARH ,261
22501,40,NTSK,NEW TINSUKIA JN ,250
20504,1,NDLS,NEW DELHI ,1
20504,2,MB,MORADABAD ,11
20504,3,BE,BAREILLY ,30
20504,4,LKO,LUCKNOW NR ,35
20504,5,BSB,VARANASI JN ,34
20504,6,BUI,BALLIA ,47
20504,7,CPR,CHHAPRA ,53
20504,8,HJP,HAJIPUR JN ,50
20504,9,MFP,MUZAFFARPUR JN ,57
20504,10,SPJ,SAMASTIPUR JN ,52
20504,11,KIR,KATIHAR JN ,48
20504,12,KNE,KISHANGANJ ,68
20504,13,NJP,NEW JALPAIGURI ,57
20504,14,NCB,NEW COOCH BEHAR ,47
20504,15,NOQ,NEW ALIPURDAUR ,44
20504,16,KOJ,KOKRAJHAR ,57
20504,17,NBQ,NEW BONGAIGAON ,45
20504,18,GHY,GUWAHATI ,85
20504,19,LMG,LUMDING JN ,83
20504,20,DMV,DIMAPUR ,109
20504,21,MXN,MARIANI JN ,69
20504,22,SLGR,SIMALUGURI JN ,72
20504,23,MRHT,MORANHAT ,70
20504,24,DBRG,DIBRUGARH ,59
12516,1,SCL,SILCHAR ,2
12516,2,BPB,BADARPUR JN ,20
12516,3,NHLG,NEW HAFLONG ,20
12516,4,MBG,MAIBANG ,45
12516,5,LMG,LUMDING JN ,25
12516,6,HJI,HOJAI ,29
12516,7,GHY,GUWAHATI ,55
12516,8,KYQ,KAMAKHYA ,62
12516,9,RNY,RANGIYA JN ,86
12516,10,BPRD,BARPETA ROAD ,100
12516,11,BNGN,BONGAIGAON ,64
12516,12,NBQ,NEW BONGAIGAON ,69
12516,13,KOJ,KOKRAJHAR ,75
12516,14,NOQ,NEW ALIPURDAUR ,94
12516,15,NCB,NEW COOCH BEHAR ,101
12516,16,DQG,DHUPGURI ,102
12516,17,NJP,NEW JALPAIGURI ,74
12516,18,KNE,KISHANGANJ ,98
12516,19,MLDT,MALDA TOWN ,75
12516,20,NFK,NEW FARAKKA JN ,83
12516,21,RPH,RAMPUR HAT ,91
12516,22,BHP,BOLPUR S NIKTN ,114
12516,23,DKAE,DANKUNI ,146
12516,24,KGP,KHARAGPUR JN ,149
12516,25,BLS,BALASORE ,158
12516,26,BHC,BHADRAKH ,181
12516,27,JJKR,JAJPUR K ROAD ,190
12516,28,CTC,CUTTACK ,207
12516,29,BBS,BHUBANESWAR ,216
12516,30,KUR,KHURDA ROAD JN ,224
12516,31,BALU,BALUGAN ,258
12516,32,BAM,BRAHMAPUR ,263
12516,33,PSA,PALASA ,245
12516,34,CHE,SRIKAKULAM ROAD ,255
12516,35,VZM,VIZIANAGRAM JN ,255
12516,36,VSKP,VISHAKAPATNAM ,261
12516,37,RJY,RAJAMUNDRY ,295
12516,38,BZA,VIJAYAWADA JN ,308
12516,39,PER,PERAMBUR ,328
12516,40,AJJ,ARAKKONAM ,335
12516,41,KPD,KATPADI JN ,334
12516,42,JTJ,JOLARPETTAI ,336
12516,43,SA,SALEM JN ,352
12516,44,ED,ERODE JN ,356
12516,45,TUP,TIRUPPUR ,363
12516,46,CBE,COIMBATORE JN ,327
15647,1,LTT,LOKMANYATILAK T ,22
15647,2,KYN,KALYAN JN ,37
15647,3,NK,NASIK ROAD ,30
15647,4,MMR,MANMAD JN ,37
15647,5,BSL,BHUSAVAL JN ,48
15647,6,BAU,BURHANPUR ,52
15647,7,KNW,KHANDWA ,45
15647,8,HD,HARDA ,52
15647,9,ET,ITARSI JN ,51
15647,10,PPI,PIPARIYA ,59
15647,11,JBP,JABALPUR ,63
15647,12,KTE,KATNI ,99
15647,13,MYR,MAIHAR ,41
15647,14,STA,SATNA ,112
15647,15,PCOI,PRAYAGRAJ CHHEOKI ,130
15647,16,MZP,MIRZAPUR ,140
15647,17,DDU,PT DEEN DAYAL UPADHYAY JN ,122
15647,18,DLN,DILDARNAGAR JN ,123
15647,19,BXR,BUXAR ,121
15647,20,DURE,DUMRAON ,126
15647,21,ARA,ARA ,121
15647,22,DNR,DANAPUR ,124
15647,23,PNBE,PATNA JN ,101
15647,24,PNC,PATNA SAHEB ,115
15647,25,FUT,FATUHA JN ,126
15647,26,KOO,KHUSROPUR ,129
15647,27,BKP,BAKHTIYARPUR JN ,135
15647,28,BARH,BARH ,145
15647,29,MKA,MOKAMEH JN ,145
15647,30,HTZ,HATHIDAH JN ,151
15647,31,BRYA,BARHIYA ,155
15647,32,LKR,LUCKEESARAI JN ,141
15647,33,KIUL,KIUL JN ,101
15647,34,AHA,ABHAIPUR ,112
15647,35,JMP,JAMALPUR JN ,96
15647,36,BUP,BARIARPUR ,101
15647,37,SGG,SULTANGANJ ,100
15647,38,BGP,BHAGALPUR ,90
15647,39,CLG,KAHALGAON ,96
15647,40,SBG,SAHIBGANJ JN ,91
15647,41,BHW,BARHARWA JN ,84
15647,42,NFK,NEW FARAKKA JN ,88
15647,43,MLDT,MALDA TOWN ,84
15647,44,KNE,KISHANGANJ ,119
15647,45,NJP,NEW JALPAIGURI ,109
15647,46,DQG,DHUPGURI ,111
15647,47,NCB,NEW COOCH BEHAR ,112
15647,48,NOQ,NEW ALIPURDAUR ,112
15647,49,NBQ,NEW BONGAIGAON ,112
15647,50,BPRD,BARPETA ROAD ,121
15647,51,RNY,RANGIYA JN ,132
15647,52,KYQ,KAMAKHYA ,126
15647,53,GHY,GUWAHATI ,114
15629,1,TBM,TAMBARAM ,11
15629,2,MS,CHENNAI EGMORE ,15
15629,3,NLR,NELLORE ,20
15629,4,OGL,ONGOLE ,33
15629,5,BZA,VIJAYAWADA JN ,51
15629,6,EE,ELURU ,63
15629,7,RJY,RAJAMUNDRY ,93
15629,8,VSKP,VISHAKAPATNAM ,37
15629,9,BAM,BRAHMAPUR ,25
15629,10,KUR,KHURDA ROAD JN ,34
15629,11,BBS,BHUBANESWAR ,47
15629,12,CTC,CUTTACK ,48
15629,13,BLS,BALASORE ,54
15629,14,HIJ,HIJILLI ,56
15629,15,TATA,TATANAGAR JN ,77
15629,16,PRR,PURULIA JN ,109
15629,17,JOC,JOYCHANDI PAHAR ,110
15629,18,ASN,ASANSOL JN ,112
15629,19,UDL,ANDAL JN ,115
15629,20,DGR,DURGAPUR ,125
15629,21,SURI,SIURI ,172
15629,22,RPH,RAMPUR HAT ,160
15629,23,PKR,PAKUR ,187
15629,24,NFK,NEW FARAKKA JN ,194
15629,25,MLDT,MALDA TOWN ,189
15629,26,BOE,BARSOI JN ,211
15629,27,KNE,KISHANGANJ ,226
15629,28,NJP,NEW JALPAIGURI ,202
15629,29,NMX,NEW MAYNAGURI ,193
15629,30,DQG,DHUPGURI ,198
15629,31,NCB,NEW COOCH BEHAR ,201
15629,32,NOQ,NEW ALIPURDAUR ,201
15629,33,FKM,FAKIRAGRAM JN ,214
15629,34,KOJ,KOKRAJHAR ,218
15629,35,NBQ,NEW BONGAIGAON ,201
15629,36,RNY,RANGIYA JN ,225
15629,37,KYQ,KAMAKHYA ,198
15629,38,GHY,GUWAHATI ,212
15629,39,JID,JAGI ROAD ,213
15629,40,CPK,CHAPARMUKH JN ,212
15629,41,NGAN,NAGAON ,207
15629,42,JKB,JAKHALABANDHA ,201
15629,43,SHTT,SILGHAT TOWN ,184
05640,1,KOAA,KOLKATA ,161
05640,2,NH,NAIHATI JN ,153
05640,3,BDC,BANDEL JN ,165
05640,4,KWAE,KATWA ,159
05640,5,AZ,AZIMGANJ JN ,137
05640,6,JRLE,JANGIPUR ROAD ,126
05640,7,MLDT,MALDA TOWN ,149
05640,8,KDPR,KUMEDPUR ,167
05640,9,BOE,BARSOI JN ,165
05640,10,KNE,KISHANGANJ ,190
05640,11,AUB,ALUABARI ROAD ,194
05640,12,NJP,NEW JALPAIGURI ,176
05640,13,DQG,DHUPGURI ,172
05640,14,NCB,NEW COOCH BEHAR ,194
05640,15,NOQ,NEW ALIPURDAUR ,193
05640,16,GOGH,GOSSAIGAON HAT ,210
05640,17,KOJ,KOKRAJHAR ,226
05640,18,NBQ,NEW BONGAIGAON ,238
05640,19,GLPT,GOALPARA TOWN ,237
05640,20,KYQ,KAMAKHYA ,237
05640,21,GHY,GUWAHATI ,258
05640,22,HJI,HOJAI ,278
05640,23,LKA,LANKA ,281
05640,24,LMG,LUMDING JN ,281
05640,25,MBG,MAIBANG ,249
05640,26,NHLG,NEW HAFLONG ,258
05640,27,NHGJ,NEW HARANGAJAO ,264
05640,28,BPB,BADARPUR JN ,239
05640,29,SCL,SILCHAR ,224
02502,1,AGTL,AGARTALA ,3
02502,2,DMR,DHARMANAGAR ,16
02502,3,NKMG,NEW KARIMGANJ ,18
02502,4,BPB,BADARPUR JN ,29
02502,5,NHLG,NEW HAFLONG ,22
02502,6,MYD,MANDERDISA ,18
02502,7,GHY,GUWAHATI ,36
02502,8,GLPT,GOALPARA TOWN ,88
02502,9,NBQ,NEW BONGAIGAON ,74
02502,10,KOJ,KOKRAJHAR ,85
02502,11,NOQ,NEW ALIPURDAUR ,98
02502,12,NCB,NEW COOCH BEHAR ,127
02502,13,NJP,NEW JALPAIGURI ,98
02502,14,KNE,KISHANGANJ ,118
02502,15,MLDT,MALDA TOWN ,132
02502,16,JRLE,JANGIPUR ROAD ,156
02502,17,AZ,AZIMGANJ JN ,155
02502,18,KWAE,KATWA ,157
02502,19,NDAE,NABADWIP DHAM ,162
02502,20,BDC,BANDEL JN ,166
02502,21,KOAA,KOLKATA ,165
02518,1,GHY,GUWAHATI ,13
02518,2,GLPT,GOALPARA TOWN ,57
02518,3,NBQ,NEW BONGAIGAON ,42
02518,4,KOJ,KOKRAJHAR ,50
02518,5,NOQ,NEW ALIPURDAUR ,65
02518,6,NCB,NEW COOCH BEHAR ,95
02518,7,NJP,NEW JALPAIGURI ,66
02518,8,KNE,KISHANGANJ ,94
02518,9,MLDT,MALDA TOWN ,124
02518,10,JRLE,JANGIPUR ROAD ,146
02518,11,AZ,AZIMGANJ JN ,148
02518,12,KWAE,KATWA ,150
02518,13,NDAE,NABADWIP DHAM ,158
02518,14,BDC,BANDEL JN ,160
02518,15,KOAA,KOLKATA ,156
22449,1,GHY,GUWAHATI ,5
22449,2,GLPT,GOALPARA TOWN ,38
22449,3,NBQ,NEW BONGAIGAON ,18
22449,4,NJP,NEW JALPAIGURI ,36
22449,5,KNE,KISHANGANJ ,50
22449,6,KIR,KATIHAR JN ,21
22449,7,BJU,BARAUNI JN ,34
22449,8,PPTA,PATLIPUTRA ,24
22449,9,DDU,PT DEEN DAYAL UPADHYAY JN ,28
22449,10,PRYJ,PRAYAGRAJ JN ,70
22449,11,CNB,KANPUR CENTRAL ,92
22449,12,NDLS,NEW DELHI ,101
22450,1,NDLS,NEW DELHI ,17
22450,2,CNB,KANPUR CENTRAL ,82
22450,3,PRYJ,PRAYAGRAJ JN ,107
22450,4,DDU,PT DEEN DAYAL UPADHYAY JN ,109
22450,5,PPTA,PATLIPUTRA ,131
22450,6,BJU,BARAUNI JN ,177
22450,7,KIR,KATIHAR JN ,143
22450,8,KNE,KISHANGANJ ,166
22450,9,NJP,NEW JALPAIGURI ,171
22450,10,NBQ,NEW BONGAIGAON ,179
22450,11,GLPT,GOALPARA TOWN ,187
22450,12,GHY,GUWAHATI ,150
05639,1,SCL,SILCHAR ,1
05639,2,BPB,BADARPUR JN ,6
05639,3,NHGJ,NEW HARANGAJAO ,14
05639,4,NHLG,NEW HAFLONG ,18
05639,5,MBG,MAIBANG ,27
05639,6,LMG,LUMDING JN ,13
05639,7,LKA,LANKA ,16
05639,8,HJI,HOJAI ,18
05639,9,GHY,GUWAHATI ,62
05639,10,KYQ,KAMAKHYA ,78
05639,11,GLPT,GOALPARA TOWN ,102
05639,12,NBQ,NEW BONGAIGAON ,83
05639,13,KOJ,KOKRAJHAR ,90
05639,14,GOGH,GOSSAIGAON HAT ,105
05639,15,NOQ,NEW ALIPURDAUR ,109
05639,16,NCB,NEW COOCH BEHAR ,130
05639,17,DQG,DHUPGURI ,121
05639,18,NJP,NEW JALPAIGURI ,112
05639,19,AUB,ALUABARI ROAD ,126
05639,20,KNE,KISHANGANJ ,136
05639,21,BOE,BARSOI JN ,151
05639,22,KDPR,KUMEDPUR ,159
05639,23,MLDT,MALDA TOWN ,150
05639,24,JRLE,JANGIPUR ROAD ,168
05639,25,AZ,AZIMGANJ JN ,164
05639,26,KWAE,KATWA ,158
05639,27,BDC,BANDEL JN ,148
05639,28,NH,NAIHATI JN ,147
05639,29,KOAA,KOLKATA ,134
12423,1,DBRG,DIBRUGARH ,8
12423,2,DBRT,DIBRUGARH TOWN ,3
12423,3,NTSK,NEW TINSUKIA JN ,9
12423,4,MXN,MARIANI JN ,21
12423,5,DMV,DIMAPUR ,26
12423,6,LMG,LUMDING JN ,35
12423,7,CPK,CHAPARMUKH JN ,42
12423,8,GHY,GUWAHATI ,34
12423,9,BNGN,BONGAIGAON ,27
12423,10,NBQ,NEW BONGAIGAON ,44
12423,11,KOJ,KOKRAJHAR ,50
12423,12,NCB,NEW COOCH BEHAR ,67
12423,13,NJP,NEW JALPAIGURI ,48
12423,14,KNE,KISHANGANJ ,57
12423,15,KIR,KATIHAR JN ,50
12423,16,NNA,NAUGACHIA ,53
12423,17,BJU,BARAUNI JN ,60
12423,18,PPTA,PATLIPUTRA ,42
12423,19,DNR,DANAPUR ,45
12423,20,DDU,PT DEEN DAYAL UPADHYAY JN ,40
12423,21,PRYJ,PRAYAGRAJ JN ,62
12423,22,CNB,KANPUR CENTRAL ,76
12423,23,NDLS,NEW DELHI ,88
12510,1,GHY,GUWAHATI ,26
12510,2,KYQ,KAMAKHYA ,30
12510,3,RNY,RANGIYA JN ,49
12510,4,BPRD,BARPETA ROAD ,83
12510,5,BNGN,BONGAIGAON ,74
12510,6,NBQ,NEW BONGAIGAON ,55
12510,7,KOJ,KOKRAJHAR ,63
12510,8,NOQ,NEW ALIPURDAUR ,80
12510,9,NCB,NEW COOCH BEHAR ,90
12510,10,DQG,DHUPGURI ,93
12510,11,JPE,JALPAIGURI ROAD ,87
12510,12,NJP,NEW JALPAIGURI ,67
12510,13,KNE,KISHANGANJ ,96
12510,14,BOE,BARSOI JN ,95
12510,15,MLDT,MALDA TOWN ,71
12510,16,NFK,NEW FARAKKA JN ,81
12510,17,RPH,RAMPUR HAT ,73
12510,18,BHP,BOLPUR S NIKTN ,90
12510,19,DKAE,DANKUNI ,118
12510,20,KGP,KHARAGPUR JN ,127
12510,21,BLS,BALASORE ,136
12510,22,BHC,BHADRAKH ,150
12510,23,JJKR,JAJPUR K ROAD ,157
12510,24,CTC,CUTTACK ,175
12510,25,BBS,BHUBANESWAR ,178
12510,26,KUR,KHURDA ROAD JN ,180
12510,27,BALU,BALUGAN ,200
12510,28,BAM,BRAHMAPUR ,205
12510,29,PSA,PALASA ,191
12510,30,CHE,SRIKAKULAM ROAD ,201
12510,31,VZM,VIZIANAGRAM JN ,204
12510,32,VSKP,VISHAKAPATNAM ,210
12510,33,RJY,RAJAMUNDRY ,248
12510,34,BZA,VIJAYAWADA JN ,255
12510,35,PER,PERAMBUR ,281
12510,36,AJJ,ARAKKONAM ,286
12510,37,KPD,KATPADI JN ,280
12510,38,JTJ,JOLARPETTAI ,286
12510,39,BWT,BANGARAPET ,301
12510,40,KJM,KRISHNARAJAPURM ,296
12510,41,SMVB,SMVT BENGALURU ,282
14619,1,AGTL,AGARTALA ,41
14619,2,ABSA,AMBASA ,57
14619,3,DMR,DHARMANAGAR ,52
14619,4,PTKD,PATHARKANDI ,53
14619,5,NKMG,NEW KARIMGANJ ,51
14619,6,BPB,BADARPUR JN ,56
14619,7,NHLG,NEW HAFLONG ,56
14619,8,LMG,LUMDING JN ,66
14619,9,HJI,HOJAI ,65
14619,10,JID,JAGI ROAD ,70
14619,11,GHY,GUWAHATI ,44
14619,12,NBQ,NEW BONGAIGAON ,56
14619,13,NJP,NEW JALPAIGURI ,82
14619,14,KIR,KATIHAR JN ,69
14619,15,BJU,BARAUNI JN ,92
14619,16,PPTA,PATLIPUTRA ,81
14619,17,DDU,PT DEEN DAYAL UPADHYAY JN ,92
14619,18,PRYJ,PRAYAGRAJ JN ,145
14619,19,CNB,KANPUR CENTRAL ,186
14619,20,NDLS,NEW DELHI ,262
14619,21,SSB,SHAKURBASTI ,295
14619,22,ROK,ROHTAK JN ,305
14619,23,BNW,BHIWANI ,319
14619,24,HSR,HISAR ,325
14619,25,ADR,MANDI ADAMPUR ,328
14619,26,SSA,SIRSA ,311
14619,27,KNL,KALANWALI ,320
14619,28,BTI,BHATINDA JN ,263
14619,29,KKP,KOT KAPURA ,286
14619,30,FDK,FARIDKOT ,289
14619,31,FZR,FIROZPUR CANT ,265
13182,1,SHTT,SILGHAT TOWN ,3
13182,2,JKB,JAKHALABANDHA ,3
13182,3,NGAN,NAGAON ,4
13182,4,CPK,CHAPARMUKH JN ,10
13182,5,JID,JAGI ROAD ,13
13182,6,GHY,GUWAHATI ,17
13182,7,KYQ,KAMAKHYA ,20
13182,8,NBQ,NEW BONGAIGAON ,27
13182,9,FKM,FAKIRAGRAM JN ,39
13182,10,NOQ,NEW ALIPURDAUR ,47
13182,11,NCB,NEW COOCH BEHAR ,71
13182,12,NJP,NEW JALPAIGURI ,37
13182,13,MLDT,MALDA TOWN ,29
13182,14,RPH,RAMPUR HAT ,60
13182,15,BHP,BOLPUR S NIKTN ,72
13182,16,BWN,BARDDHAMAN JN ,68
13182,17,KOAA,KOLKATA ,56
12515,1,CBE,COIMBATORE JN ,7
12515,2,TUP,TIRUPPUR ,20
12515,3,ED,ERODE JN ,25
12515,4,SA,SALEM JN ,33
12515,5,JTJ,JOLARPETTAI ,31
12515,6,KPD,KATPADI JN ,38
12515,7,AJJ,ARAKKONAM ,44
12515,8,PER,PERAMBUR ,48
12515,9,OGL,ONGOLE ,63
12515,10,BZA,VIJAYAWADA JN ,60
12515,11,RJY,RAJAMUNDRY ,83
12515,12,VSKP,VISHAKAPATNAM ,77
12515,13,VZM,VIZIANAGRAM JN ,87
12515,14,CHE,SRIKAKULAM ROAD ,92
12515,15,PSA,PALASA ,81
12515,16,BAM,BRAHMAPUR ,82
12515,17,BALU,BALUGAN ,92
12515,18,KUR,KHURDA ROAD JN ,104
12515,19,BBS,BHUBANESWAR ,105
12515,20,CTC,CUTTACK ,113
12515,21,JJKR,JAJPUR K ROAD ,130
12515,22,BHC,BHADRAKH ,108
12515,23,BLS,BALASORE ,119
12515,24,KGP,KHARAGPUR JN ,128
12515,25,DKAE,DANKUNI ,145
12515,26,BHP,BOLPUR S NIKTN ,165
12515,27,RPH,RAMPUR HAT ,177
12515,28,NFK,NEW FARAKKA JN ,172
12515,29,MLDT,MALDA TOWN ,158
12515,30,KNE,KISHANGANJ ,202
12515,31,NJP,NEW JALPAIGURI ,190
12515,32,DQG,DHUPGURI ,191
12515,33,NCB,NEW COOCH BEHAR ,198
12515,34,NOQ,NEW ALIPURDAUR ,200
12515,35,KOJ,KOKRAJHAR ,217
12515,36,NBQ,NEW BONGAIGAON ,196
12515,37,BPRD,BARPETA ROAD ,217
12515,38,RNY,RANGIYA JN ,247
12515,39,KYQ,KAMAKHYA ,243
12515,40,GHY,GUWAHATI ,276
12515,41,HJI,HOJAI ,317
12515,42,LMG,LUMDING JN ,324
12515,43,MBG,MAIBANG ,338
12515,44,NHLG,NEW HAFLONG ,342
12515,45,BPB,BADARPUR JN ,311
12515,46,SCL,SILCHAR ,291
15630,1,SHTT,SILGHAT TOWN ,66
15630,2,JKB,JAKHALABANDHA ,65
15630,3,NGAN,NAGAON ,67
15630,4,CPK,CHAPARMUKH JN ,79
15630,5,JID,JAGI ROAD ,88
15630,6,GHY,GUWAHATI ,78
15630,7,KYQ,KAMAKHYA ,84
15630,8,RNY,RANGIYA JN ,112
15630,9,BNGN,BONGAIGAON ,231
15630,10,NBQ,NEW BONGAIGAON ,104
15630,11,KOJ,KOKRAJHAR ,115
15630,12,FKM,FAKIRAGRAM JN ,119
15630,13,NOQ,NEW ALIPURDAUR ,130
15630,14,NCB,NEW COOCH BEHAR ,133
15630,15,DQG,DHUPGURI ,137
15630,16,NMX,NEW MAYNAGURI ,138
15630,17,NJP,NEW JALPAIGURI ,102
15630,18,KNE,KISHANGANJ ,115
15630,19,BOE,BARSOI JN ,127
15630,20,MLDT,MALDA TOWN ,92
15630,21,NFK,NEW FARAKKA JN ,95
15630,22,PKR,PAKUR ,92
15630,23,RPH,RAMPUR HAT ,102
15630,24,SURI,SIURI ,104
15630,25,UDL,ANDAL JN ,109
15630,26,DGR,DURGAPUR ,126
15630,27,ASN,ASANSOL JN ,114
15630,28,JOC,JOYCHANDI PAHAR ,119
15630,29,PRR,PURULIA JN ,121
15630,30,TATA,TATANAGAR JN ,133
15630,31,HIJ,HIJILLI ,129
15630,32,BLS,BALASORE ,129
15630,33,CTC,CUTTACK ,150
15630,34,BBS,BHUBANESWAR ,158
15630,35,KUR,KHURDA ROAD JN ,158
15630,36,BAM,BRAHMAPUR ,181
15630,37,VSKP,VISHAKAPATNAM ,136
15630,38,RJY,RAJAMUNDRY ,171
15630,39,EE,ELURU ,187
15630,40,BZA,VIJAYAWADA JN ,170
15630,41,OGL,ONGOLE ,197
15630,42,NLR,NELLORE ,183
15630,43,MS,CHENNAI EGMORE ,107
15630,44,TBM,TAMBARAM ,97
12520,1,AGTL,AGARTALA ,14
12520,2,ABSA,AMBASA ,27
12520,3,DMR,DHARMANAGAR ,28
12520,4,BPB,BADARPUR JN ,41
12520,5,NHLG,NEW HAFLONG ,36
12520,6,MYD,MANDERDISA ,26
12520,7,HJI,HOJAI ,43
12520,8,CPK,CHAPARMUKH JN ,80
12520,9,GHY,GUWAHATI ,85
12520,10,KYQ,KAMAKHYA ,48
12520,11,RNY,RANGIYA JN ,67
12520,12,BNGN,BONGAIGAON ,138
12520,13,NBQ,NEW BONGAIGAON ,66
12520,14,NCB,NEW COOCH BEHAR ,92
12520,15,NJP,NEW JALPAIGURI ,84
12520,16,KNE,KISHANGANJ ,99
12520,17,KIR,KATIHAR JN ,99
12520,18,NNA,NAUGACHIA ,101
12520,19,KGG,KHAGARIA JN ,110
12520,20,BGS,BEGU SARAI ,117
12520,21,BJU,BARAUNI JN ,142
12520,22,HJP,HAJIPUR JN ,103
12520,23,PPTA,PATLIPUTRA ,92
12520,24,DNR,DANAPUR ,103
12520,25,DDU,PT DEEN DAYAL UPADHYAY JN ,84
12520,26,MZP,MIRZAPUR ,103
12520,27,PCOI,PRAYAGRAJ CHHEOKI ,121
12520,28,STA,SATNA ,176
12520,29,KTE,KATNI ,193
12520,30,JBP,JABALPUR ,205
12520,31,ET,ITARSI JN ,188
12520,32,KNW,KHANDWA ,191
12520,33,BSL,BHUSAVAL JN ,200
12520,34,JL,JALGAON JN ,197
12520,35,MMR,MANMAD JN ,222
12520,36,NK,NASIK ROAD ,231
12520,37,KYN,KALYAN JN ,253
12520,38,TNA,THANE ,207
12520,39,LTT,LOKMANYATILAK T ,222
02501,1,KOAA,KOLKATA ,7
02501,2,BDC,BANDEL JN ,11
02501,3,NDAE,NABADWIP DHAM ,22
02501,4,KWAE,KATWA ,19
02501,5,AZ,AZIMGANJ JN ,14
02501,6,JRLE,JANGIPUR ROAD ,19
02501,7,MLDT,MALDA TOWN ,73
02501,8,KNE,KISHANGANJ ,131
02501,9,NJP,NEW JALPAIGURI ,129
02501,10,NCB,NEW COOCH BEHAR ,167
02501,11,NOQ,NEW ALIPURDAUR ,156
02501,12,KOJ,KOKRAJHAR ,175
02501,13,NBQ,NEW BONGAIGAON ,166
02501,14,GLPT,GOALPARA TOWN ,169
02501,15,GHY,GUWAHATI ,230
02501,16,MYD,MANDERDISA ,262
02501,17,NHLG,NEW HAFLONG ,262
02501,18,BPB,BADARPUR JN ,237
02501,19,NKMG,NEW KARIMGANJ ,247
02501,20,DMR,DHARMANAGAR ,240
02501,21,AGTL,AGARTALA ,227
20503,1,DBRG,DIBRUGARH ,5
20503,2,MRHT,MORANHAT ,14
20503,3,SLGR,SIMALUGURI JN ,13
20503,4,MXN,MARIANI JN ,16
20503,5,DMV,DIMAPUR ,20
20503,6,LMG,LUMDING JN ,17
20503,7,GHY,GUWAHATI ,11
20503,8,BNGN,BONGAIGAON ,13
20503,9,NBQ,NEW BONGAIGAON ,25
20503,10,KOJ,KOKRAJHAR ,24
20503,11,NOQ,NEW ALIPURDAUR ,37
20503,12,NCB,NEW COOCH BEHAR ,38
20503,13,NJP,NEW JALPAIGURI ,30
20503,14,KNE,KISHANGANJ ,42
20503,15,KIR,KATIHAR JN ,34
20503,16,SPJ,SAMASTIPUR JN ,29
20503,17,MFP,MUZAFFARPUR JN ,35
20503,18,HJP,HAJIPUR JN ,33
20503,19,CPR,CHHAPRA ,28
20503,20,BUI,BALLIA ,38
20503,21,BSB,VARANASI JN ,31
20503,22,LKO,LUCKNOW NR ,34
20503,23,BE,BAREILLY ,42
20503,24,MB,MORADABAD ,39
20503,25,NDLS,NEW DELHI ,43
12507,1,TVC,TRIVANDRUM CNTL ,6
12507,2,QLN,KOLLAM JN ,15
12507,3,KYJ,KAYANKULAM JN ,17
12507,4,MVLK,MAVELIKARA ,19
12507,5,CNGR,CHENGANNUR ,24
12507,6,TRVL,TIRUVALLA ,27
12507,7,KTYM,KOTTAYAM ,21
12507,8,ERN,ERNAKULAM TOWN ,18
12507,9,AWY,ALUVA ,20
12507,10,TCR,THRISUR ,26
12507,11,PGT,PALAKKAD JN ,17
12507,12,CBE,COIMBATORE JN ,23
12507,13,TUP,TIRUPPUR ,28
12507,14,ED,ERODE JN ,34
12507,15,SA,SALEM JN ,35
12507,16,JTJ,JOLARPETTAI ,29
12507,17,KPD,KATPADI JN ,36
12507,18,AJJ,ARAKKONAM ,39
12507,19,PER,PERAMBUR ,45
12507,20,OGL,ONGOLE ,62
12507,21,BZA,VIJAYAWADA JN ,70
12507,22,RJY,RAJAMUNDRY ,99
12507,23,VSKP,VISHAKAPATNAM ,128
12507,24,VZM,VIZIANAGRAM JN ,139
12507,25,CHE,SRIKAKULAM ROAD ,145
12507,26,PSA,PALASA ,135
12507,27,BAM,BRAHMAPUR ,144
12507,28,BALU,BALUGAN ,169
12507,29,KUR,KHURDA ROAD JN ,167
12507,30,BBS,BHUBANESWAR ,176
12507,31,CTC,CUTTACK ,170
12507,32,JJKR,JAJPUR K ROAD ,186
12507,33,BHC,BHADRAKH ,186
12507,34,BLS,BALASORE ,201
12507,35,KGP,KHARAGPUR JN ,218
12507,36,DKAE,DANKUNI ,237
12507,37,BHP,BOLPUR S NIKTN ,299
12507,38,RPH,RAMPUR HAT ,321
12507,39,PKR,PAKUR ,339
12507,40,MLDT,MALDA TOWN ,314
12507,41,KNE,KISHANGANJ ,359
12507,42,NJP,NEW JALPAIGURI ,344
12507,43,DQG,DHUPGURI ,348
12507,44,NCB,NEW COOCH BEHAR ,356
12507,45,NOQ,NEW ALIPURDAUR ,364
12507,46,KOJ,KOKRAJHAR ,373
12507,47,NBQ,NEW BONGAIGAON ,353
12507,48,BPRD,BARPETA ROAD ,388
12507,49,RNY,RANGIYA JN ,447
12507,50,KYQ,KAMAKHYA ,455
12507,51,GHY,GUWAHATI ,475
12507,52,HJI,HOJAI ,529
12507,53,LMG,LUMDING JN ,567
12507,54,MBG,MAIBANG ,570
12507,55,NHLG,NEW HAFLONG ,552
12507,56,BPB,BADARPUR JN ,512
12507,57,SCL,SILCHAR ,479
12519,1,LTT,LOKMANYATILAK T ,11
12519,2,TNA,THANE ,16
12519,3,KYN,KALYAN JN ,20
12519,4,NK,NASIK ROAD ,26
12519,5,MMR,MANMAD JN ,33
12519,6,JL,JALGAON JN ,45
12519,7,BSL,BHUSAVAL JN ,42
12519,8,KNW,KHANDWA ,33
12519,9,ET,ITARSI JN ,42
12519,10,JBP,JABALPUR ,50
12519,11,KTE,KATNI ,61
12519,12,STA,SATNA ,69
12519,13,PCOI,PRAYAGRAJ CHHEOKI ,94
12519,14,MZP,MIRZAPUR ,105
12519,15,DDU,PT DEEN DAYAL UPADHYAY JN ,79
12519,16,DNR,DANAPUR ,117
12519,17,PPTA,PATLIPUTRA ,112
12519,18,HJP,HAJIPUR JN ,106
12519,19,BJU,BARAUNI JN ,129
12519,20,BGS,BEGU SARAI ,130
12519,21,KGG,KHAGARIA JN ,135
12519,22,NNA,NAUGACHIA ,144
12519,23,KIR,KATIHAR JN ,125
12519,24,KNE,KISHANGANJ ,157
12519,25,NJP,NEW JALPAIGURI ,143
12519,26,NCB,NEW COOCH BEHAR ,152
12519,27,NBQ,NEW BONGAIGAON ,145
12519,28,RNY,RANGIYA JN ,188
12519,29,KYQ,KAMAKHYA ,168
12519,30,GHY,GUWAHATI ,279
12519,31,CPK,CHAPARMUKH JN ,316
12519,32,HJI,HOJAI ,309
12519,33,MYD,MANDERDISA ,329
12519,34,NHLG,NEW HAFLONG ,344
12519,35,BPB,BADARPUR JN ,313
12519,36,DMR,DHARMANAGAR ,285
12519,37,ABSA,AMBASA ,275
12519,38,AGTL,AGARTALA ,237
02517,1,KOAA,KOLKATA ,19
02517,2,BDC,BANDEL JN ,26
02517,3,NDAE,NABADWIP DHAM ,34
02517,4,KWAE,KATWA ,33
02517,5,AZ,AZIMGANJ JN ,25
02517,6,JRLE,JANGIPUR ROAD ,34
02517,7,MLDT,MALDA TOWN ,75
02517,8,KNE,KISHANGANJ ,140
02517,9,NJP,NEW JALPAIGURI ,135
02517,10,NCB,NEW COOCH BEHAR ,177
02517,11,NOQ,NEW ALIPURDAUR ,169
02517,12,KOJ,KOKRAJHAR ,191
02517,13,NBQ,NEW BONGAIGAON ,180
02517,14,GLPT,GOALPARA TOWN ,194
02517,15,GHY,GUWAHATI ,186
15648,1,GHY,GUWAHATI ,47
15648,2,KYQ,KAMAKHYA ,56
15648,3,RNY,RANGIYA JN ,74
15648,4,BPRD,BARPETA ROAD ,122
15648,5,BNGN,BONGAIGAON ,30
15648,6,NBQ,NEW BONGAIGAON ,74
15648,7,NOQ,NEW ALIPURDAUR ,84
15648,8,NCB,NEW COOCH BEHAR ,92
15648,9,DQG,DHUPGURI ,95
15648,10,NJP,NEW JALPAIGURI ,63
15648,11,KNE,KISHANGANJ ,77
15648,12,MLDT,MALDA TOWN ,58
15648,13,NFK,NEW FARAKKA JN ,64
15648,14,BHW,BARHARWA JN ,60
15648,15,SBG,SAHIBGANJ JN ,62
15648,16,CLG,KAHALGAON ,68
15648,17,BGP,BHAGALPUR ,56
15648,18,SGG,SULTANGANJ ,61
15648,19,BUP,BARIARPUR ,59
15648,20,JMP,JAMALPUR JN ,56
15648,21,AHA,ABHAIPUR ,62
15648,22,KIUL,KIUL JN ,54
15648,23,LKR,LUCKEESARAI JN ,57
15648,24,BRYA,BARHIYA ,63
15648,25,HTZ,HATHIDAH JN ,65
15648,26,MKA,MOKAMEH JN ,67
15648,27,BARH,BARH ,79
15648,28,BKP,BAKHTIYARPUR JN ,80
15648,29,KOO,KHUSROPUR ,85
15648,30,FUT,FATUHA JN ,89
15648,31,PNC,PATNA SAHEB ,83
15648,32,PNBE,PATNA JN ,85
15648,33,DNR,DANAPUR ,95
15648,34,ARA,ARA ,107
15648,35,DURE,DUMRAON ,117
15648,36,BXR,BUXAR ,115
15648,37,DLN,DILDARNAGAR JN ,124
15648,38,DDU,PT DEEN DAYAL UPADHYAY JN ,92
15648,39,MZP,MIRZAPUR ,105
15648,40,PCOI,PRAYAGRAJ CHHEOKI ,132
15648,41,STA,SATNA ,159
15648,42,MYR,MAIHAR ,64
15648,43,KTE,KATNI ,172
15648,44,JBP,JABALPUR ,182
15648,45,PPI,PIPARIYA ,204
15648,46,ET,ITARSI JN ,182
15648,47,HD,HARDA ,203
15648,48,KNW,KHANDWA ,190
15648,49,BAU,BURHANPUR ,192
15648,50,BSL,BHUSAVAL JN ,195
15648,51,MMR,MANMAD JN ,205
15648,52,NK,NASIK ROAD ,207
15648,53,KYN,KALYAN JN ,215
15648,54,TNA,THANE ,164
15648,55,LTT,LOKMANYATILAK T ,151
14620,1,FZR,FIROZPUR CANT ,6
14620,2,FDK,FARIDKOT ,15
14620,3,KKP,KOT KAPURA ,17
14620,4,BTI,BHATINDA JN ,4
14620,5,KNL,KALANWALI ,21
14620,6,SSA,SIRSA ,7
14620,7,ADR,MANDI ADAMPUR ,20
14620,8,HSR,HISAR ,11
14620,9,BNW,BHIWANI ,15
14620,10,ROK,ROHTAK JN ,10
14620,11,SSB,SHAKURBASTI ,19
14620,12,NDLS,NEW DELHI ,16
14620,13,CNB,KANPUR CENTRAL ,123
14620,14,PRYJ,PRAYAGRAJ JN ,159
14620,15,DDU,PT DEEN DAYAL UPADHYAY JN ,171
14620,16,PPTA,PATLIPUTRA ,202
14620,17,BJU,BARAUNI JN ,235
14620,18,KIR,KATIHAR JN ,229
14620,19,NJP,NEW JALPAIGURI ,251
14620,20,NBQ,NEW BONGAIGAON ,262
14620,21,GHY,GUWAHATI ,276
14620,22,JID,JAGI ROAD ,292
14620,23,HJI,HOJAI ,311
14620,24,LMG,LUMDING JN ,336
14620,25,NHLG,NEW HAFLONG ,322
14620,26,BPB,BADARPUR JN ,305
14620,27,NKMG,NEW KARIMGANJ ,299
14620,28,PTKD,PATHARKANDI ,295
14620,29,DMR,DHARMANAGAR ,302
14620,30,ABSA,AMBASA ,285
14620,31,AGTL,AGARTALA ,230
12346,1,GHY,GUWAHATI ,15
12346,2,KYQ,KAMAKHYA ,16
12346,3,NBQ,NEW BONGAIGAON ,32
12346,4,NOQ,NEW ALIPURDAUR ,39
12346,5,NCB,NEW COOCH BEHAR ,55
12346,6,FLK,FALAKATA ,55
12346,7,DQG,DHUPGURI ,53
12346,8,NJP,NEW JALPAIGURI ,40
12346,9,KNE,KISHANGANJ ,53
12346,10,MLDT,MALDA TOWN ,46
12346,11,NFK,NEW FARAKKA JN ,43
12346,12,RPH,RAMPUR HAT ,59
12346,13,BHP,BOLPUR S NIKTN ,71
12346,14,BWN,BARDDHAMAN JN ,58
12346,15,HWH,HOWRAH JN ,49
